page,tv_Name,tv_Price,tv_img,nextPage
https://www.evkur.com.tr/televizyonlar?ajax=true&specificationValueIds=1265,Lg 65SM8000PLA 164 Cm 4K Ultra HD Nanocell Active HDR Webos Smart Dahili Uydu Alıcılı Led Tv + Lg AN-MR19BA.APD Smart Led Tv Uyumlu Sihirli Uzaktan Kumanda Hediye (Teşhir Ürünü),"10,499",https://cdn.evkur.com.tr/c/Product/thumbs/lg-65sm8000pla_t3fyd5_250.jpg,/lg-65sm8000pla-164-cm-4k-ultra-hd-nanocell-active-hdr-webos-smart-dahili-uydu-alicili-led-tv
https://www.evkur.com.tr/televizyonlar?ajax=true&specificationValueIds=1265,Lg 75SM8610PLA 189 Cm Nanocell Ultra HD 4K Active HDR Webos Smart Led Tv (Teşhir Ürünü),"15,500",https://cdn.evkur.com.tr/c/Product/thumbs/75sm8610pla_co04pt_250.jpg,/lg-75sm8610pla-189-cm-nanocell-ultra-hd-4k-active-hdr-webos-smart-led-tv
https://www.evkur.com.tr/televizyonlar?ajax=true&specificationValueIds=1265,Lg 50UN73006LA.APDZ 126 Cm Ultra HD 4K HDR10 Pro Webos Smart Dahili Uydu Alıcılı Led Tv  + Sihirli Uzaktan Kumanda,"5,699",https://cdn.evkur.com.tr/c/Product/thumbs/lg-un73006_k3lys4_250.jpg,/lg-50un73006laapdz-126-cm-ultra-hd-4k-hdr10-pro-webos-smart-dahili-uydu-alicili-led-tv
https://www.evkur.com.tr/televizyonlar?ajax=true&specificationValueIds=1265,Lg 65UN73006LA.APDZ 165 Cm Ultra HD 4K HDR10 Pro Webos Smart Dahili Uydu Alıcılı Led Tv + Sihirli Uzaktan Kumanda,"8,899",https://cdn.evkur.com.tr/c/Product/thumbs/lg-un73006_k3lys4_250.jpg,/lg-65un73006laapdz-165-cm-ultra-hd-4k-hdr10-pro-webos-smart-dahili-uydu-alicili-led-tv
page,tv_Name,tv_Price,tv_img,nextPage
https://www.teknosa.com/televizyonlar-c-101001?q=%3Arelevance%3Abrand%3A2331&page=1,"LG 65NANO996NA.APD 65"" 165 Ekran UHD Nanocell TV",31.999,https://reimg-teknosa-cloud-prod.mncdn.com/mnresize/200/200/productimage/110019651/110019651_0_MC/43608917.jpg,/lg-65nano996naapd-65-165-ekran-uhd-nanocell-tv-p-110019651
https://www.teknosa.com/televizyonlar-c-101001?q=%3Arelevance%3Abrand%3A2331&page=1,"LG 24TL510S-PZ  24"" 61 Ekran Smart Led Monitor TV Siyah",1.799,https://reimg-teknosa-cloud-prod.mncdn.com/mnresize/200/200/productimage/110019627/110019627_0_MC/33257051.jpg,/lg-24tl510spz-24-61-ekran-smart-led-monitor-tv-siyah-p-110019627
https://www.teknosa.com/televizyonlar-c-101001?q=%3Arelevance%3Abrand%3A2331&page=1,"LG 50NANO796 50"" 127 Ekran UHD Nanocell TV",5.799,https://reimg-teknosa-cloud-prod.mncdn.com/mnresize/200/200/productimage/110019633/110019633_0_MC/47776017.jpg,/lg-50nano796-50-127-ekran-uhd-nanocell-tv-p-110019633
https://www.teknosa.com/televizyonlar-c-101001?q=%3Arelevance%3Abrand%3A2331&page=1,"LG 55NANO796 55"" 139 Ekran UHD Nanocell TV",6.799,https://reimg-teknosa-cloud-prod.mncdn.com/mnresize/200/200/productimage/110019634/110019634_0_MC/48355928.png,/lg-55nano796-55-139-ekran-uhd-nanocell-tv-p-110019634
https://www.teknosa.com/televizyonlar-c-101001?q=%3Arelevance%3Abrand%3A2331&page=1,"LG 24TL510S-WZ 24"" 61 Ekran Smart Led Monitor TV Beyaz",1.799,https://reimg-teknosa-cloud-prod.mncdn.com/mnresize/200/200/productimage/110019628/110019628_0_MC/33257051.jpg,/lg-24tl510swz-24-61-ekran-smart-led-monitor-tv-beyaz-p-110019628
https://www.teknosa.com/televizyonlar-c-101001?q=%3Arelevance%3Abrand%3A2331&page=1,"LG 65UN71006 65"" 165 Ekran UHD 4K TV",7.399,https://reimg-teknosa-cloud-prod.mncdn.com/mnresize/200/200/productimage/110019635/110019635_0_MC/43215091.jpg,/lg-65un71006-65-165-ekran-uhd-4k-tv-p-110019635
https://www.teknosa.com/lg-televizyonlar-bc-101001,"LG 75NANO906NA 75"" 190 Ekran UHD Nanocell TV",17.999,https://reimg-teknosa-cloud-prod.mncdn.com/mnresize/200/200/productimage/110019364/110019364_0_MC/46320068.jpg,/lg-75nano906na-75-190-ekran-uhd-nanocell-tv-p-110019364
https://www.teknosa.com/lg-televizyonlar-bc-101001,"LG 24TL510U-PZ 24"" 61 Ekran Uydu Alıcılı HD LED Monitör TV Siyah",1.599,https://reimg-teknosa-cloud-prod.mncdn.com/mnresize/200/200/productimage/110019310/110019310_0_MC/38727545.jpg,/lg-24tl510upz-24-61-ekran-uydu-alicili-hd-led-monitor-tv-siyah-p-110019310
https://www.teknosa.com/lg-televizyonlar-bc-101001,"LG OLED55GX6LA 55"" 139 Ekran UHD OLED TV",14.999,https://reimg-teknosa-cloud-prod.mncdn.com/mnresize/200/200/productimage/110019371/110019371_0_MC/44924366.jpg,/lg-oled55gx6la-55-139-ekran-uhd-oled-tv-p-110019371
https://www.teknosa.com/lg-televizyonlar-bc-101001,"LG 55NANO916NA 55"" 139 Ekran UHD Nanocell TV",8.499,https://reimg-teknosa-cloud-prod.mncdn.com/mnresize/200/200/productimage/110019356/110019356_0_MC/46320016.jpg,/lg-55nano916na-55-139-ekran-uhd-nanocell-tv-p-110019356
https://www.teknosa.com/lg-televizyonlar-bc-101001,"LG 43UN71006LB 43"" 109 Ekran 4K UHD Smart TV",4.499,https://reimg-teknosa-cloud-prod.mncdn.com/mnresize/200/200/productimage/110019464/110019464_0_MC/46314278.jpg,/lg-43un71006lb-43-109-ekran-4k-uhd-smart-tv-p-110019464
https://www.teknosa.com/lg-televizyonlar-bc-101001,"LG 32LM6300PLA 32"" 81 Ekran FHD Smart TV",2.499,https://reimg-teknosa-cloud-prod.mncdn.com/mnresize/200/200/productimage/110019203/110019203_0_MC/33655812.jpg,/lg-32lm6300pla-32-81-ekran-fhd-smart-tv-p-110019203
https://www.teknosa.com/lg-televizyonlar-bc-101001,"LG 24TL510U-WZ 24"" 61 Ekran Uydu Alıcılı HD LED Monitör TV Beyaz",1.599,https://reimg-teknosa-cloud-prod.mncdn.com/mnresize/200/200/productimage/110019311/110019311_0_MC/38728373.jpg,/lg-24tl510uwz-24-61-ekran-uydu-alicili-hd-led-monitor-tv-beyaz-p-110019311
https://www.teknosa.com/lg-televizyonlar-bc-101001,"LG 65NANO816NA 65"" 165 Ekran UHD Nanocell TV",9.999,https://reimg-teknosa-cloud-prod.mncdn.com/mnresize/200/200/productimage/110019357/110019357_0_MC/46314625.jpg,/lg-65nano816na-65-165-ekran-uhd-nanocell-tv-p-110019357
https://www.teknosa.com/lg-televizyonlar-bc-101001,"LG OLED65GX6LA 65"" 165 Ekran UHD OLED TV",24.999,https://reimg-teknosa-cloud-prod.mncdn.com/mnresize/200/200/productimage/110019373/110019373_0_MC/44461623.jpg,/lg-oled65gx6la-65-165-ekran-uhd-oled-tv-p-110019373
https://www.teknosa.com/lg-televizyonlar-bc-101001,"LG 86NANO906NA 86"" 217 Ekran UHD Nanocell TV",25.999,https://reimg-teknosa-cloud-prod.mncdn.com/mnresize/200/200/productimage/110019368/110019368_0_MC/46350643.jpg,/lg-86nano906na-86-217-ekran-uhd-nanocell-tv-p-110019368
https://www.teknosa.com/lg-televizyonlar-bc-101001,"LG 50UN81006 50"" 127 Ekran 4K UHD Smart TV",5.699,https://reimg-teknosa-cloud-prod.mncdn.com/mnresize/200/200/productimage/110019549/110019549_0_MC/46558107.jpg,/lg-50un81006-50-127-ekran-4k-uhd-smart-tv-p-110019549
https://www.teknosa.com/lg-televizyonlar-bc-101001,"LG 55NANO816NA.APDZ 55"" 139 Ekran UHD Nanocell TV",7.499,https://reimg-teknosa-cloud-prod.mncdn.com/mnresize/200/200/productimage/110019354/110019354_0_MC/46314544.jpg,/lg-55nano816naapdz-55-139-ekran-uhd-nanocell-tv-p-110019354
https://www.teknosa.com/lg-televizyonlar-bc-101001,"LG 70UN71006LA 70"" 177 Ekran UHD TV",8.799,https://reimg-teknosa-cloud-prod.mncdn.com/mnresize/200/200/productimage/110019363/110019363_0_MC/45525114.jpg,/lg-70un71006la-70-177-ekran-uhd-tv-p-110019363
https://www.teknosa.com/lg-televizyonlar-bc-101001,"LG 86UN85006LA 86"" 217 Ekran UHD TV",19.999,https://reimg-teknosa-cloud-prod.mncdn.com/mnresize/200/200/productimage/110019369/110019369_0_MC/46314500.jpg,/lg-86un85006la-86-217-ekran-uhd-tv-p-110019369
https://www.teknosa.com/lg-televizyonlar-bc-101001,"LG 55UN81006LB 55"" 140 Ekran 4K UHD Smart TV",6.499,https://reimg-teknosa-cloud-prod.mncdn.com/mnresize/200/200/productimage/110019470/110019470_0_MC/46558456.jpg,/lg-55un81006lb-55-140-ekran-4k-uhd-smart-tv-p-110019470
https://www.teknosa.com/lg-televizyonlar-bc-101001,"LG OLED77CX6LA.APD 77"" 195 Ekran UHD OLED TV",34.999,https://reimg-teknosa-cloud-prod.mncdn.com/mnresize/200/200/productimage/110019375/110019375_0_MC/46314368.jpg,/lg-oled77cx6laapd-77-195-ekran-uhd-oled-tv-p-110019375
https://www.teknosa.com/lg-televizyonlar-bc-101001,"LG 65NANO956NA.APD 65"" 165 Ekran 8K Nanocell TV",24.999,https://reimg-teknosa-cloud-prod.mncdn.com/mnresize/200/200/productimage/110019360/110019360_0_MC/48355870.png,/lg-65nano956naapd-65-165-ekran-8k-nanocell-tv-p-110019360
https://www.teknosa.com/lg-televizyonlar-bc-101001,"LG OLED65WX9LA.APD 65"" 165 Ekran UHD OLED TV",36.999,https://reimg-teknosa-cloud-prod.mncdn.com/mnresize/200/200/productimage/110019374/110019374_0_MC/48355387.jpg,/lg-oled65wx9laapd-65-165-ekran-uhd-oled-tv-p-110019374
https://www.teknosa.com/lg-televizyonlar-bc-101001,"LG 65NANO796 65"" 165 Ekran UHD Nanocell TV",8.799,https://reimg-teknosa-cloud-prod.mncdn.com/mnresize/200/200/productimage/110019636/110019636_0_MC/47776042.jpg,/lg-65nano796-65-165-ekran-uhd-nanocell-tv-p-110019636
https://www.teknosa.com/lg-televizyonlar-bc-101001,"LG 75NANO796 75"" 190 Ekran UHD Nanocell TV",12.999,https://reimg-teknosa-cloud-prod.mncdn.com/mnresize/200/200/productimage/110019637/110019637_0_MC/47776051.jpg,/lg-75nano796-75-190-ekran-uhd-nanocell-tv-p-110019637
page,tv_Name,tv_Price,tv_img,nextPage
https://www.vatanbilgisayar.com/arama/televizyon/lg/televizyon/?page=3,"LG 55GX 55"" 139 CM 4K UHD OLED webOS SMART TV,DAHİLİ UYDU ALICI",14.999,https://cdn.vatanbilgisayar.com/Upload/PRODUCT/lg/thumb/lg-55gx-gorseli-107794_small.jpg,/lg-55gx-55-139-cm-4k-uhd-oled-webos-smart-tv-dahili-uydu-alici.html
https://www.vatanbilgisayar.com/arama/televizyon/lg/televizyon/?page=3,"LG 65CX6 65"" 165 CM 4K UHD OLED webOS SMART TV,DAHİLİ UYDU ALICI",20.999,https://cdn.vatanbilgisayar.com/Upload/PRODUCT/lg/thumb/lg-65cx-gorseli-107795_small.jpg,/lg-65cx6-65-165-cm-4k-uhd-oled-webos-smart-tv-dahili-uydu-alici.html
https://www.vatanbilgisayar.com/arama/televizyon/lg/televizyon/?page=3,"LG 65WX6 65"" 165 CM 4K UHD OLED webOS SMART TV,DAHİLİ UYDU ALICI",36.999,https://cdn.vatanbilgisayar.com/Upload/PRODUCT/lg/thumb/TeoriV2-107797_small.jpg,/lg-65wx6-65-165-cm-4k-uhd-oled-webos-smart-tv-dahili-uydu-alici.html
https://www.vatanbilgisayar.com/arama/televizyon/lg/televizyon/?page=3,"LG 77CX 77"" 195 CM 4K UHD OLED webOS SMART TV,DAHİLİ UYDU ALICI",34.999,https://cdn.vatanbilgisayar.com/Upload/PRODUCT/lg/thumb/lg-77cx-gorseli-107798_small.jpg,/lg-77cx6-77-195-cm-4k-uhd-oled-webos-smart-tv-dahili-uydu-alici.html
https://www.vatanbilgisayar.com/arama/televizyon/lg/televizyon/?page=3,"LG 75NANO796 75"" 190 CM NANOCELL 4K UHD webOS SMART TV,DAHİLİ UYDU ALICI",12.999,https://cdn.vatanbilgisayar.com/Upload/PRODUCT/lg/thumb/109899_small.jpg,/lg-75nano796-75-190-cm-nanocell-4k-uhd-webos-smart-tv-dahili-uydu-alici.html
https://www.vatanbilgisayar.com/arama/televizyon/lg/televizyon/?page=3,"LG 55BX6 55"" 140 CM 4K UHD OLED webOS SMART TV, DAHİLİ UYDU ALICI",11.499,https://cdn.vatanbilgisayar.com/Upload/PRODUCT/lg/thumb/115653_small.jpg,/lg-55bx6-55-140-cm-4k-uhd-oled-webos-smart-tv-dahili-uydu-alici.html
https://www.vatanbilgisayar.com/arama/televizyon/lg/televizyon/?page=2,"LG 75SM9000 75"" 190 CM NANOCELL 4K UHD webOS SMART TV,DAHİLİ UYDU ALICI",18.599,https://cdn.vatanbilgisayar.com/Upload/PRODUCT/lg/thumb/lg-75sm9000-gorseli-96263_small.jpg,/lg-75sm9000-75-190-cm-nanocell-4k-uhd-webos-smart-tv-dahili-uydu-alici-45846.html
https://www.vatanbilgisayar.com/arama/televizyon/lg/televizyon/?page=4,"LG 49UM7100 49"" 123 CM 4K UHD webOS SMART TV,DAHİLİ UYDU ALICI",4.199,https://cdn.vatanbilgisayar.com/Upload/PRODUCT/lg/thumb/lg-49um7100-gorseli-96259_small.jpg,/lg-49um7100-49-125-cm-4k-uhd-webos-smart-tv-dahili-uydu-alici.html
https://www.vatanbilgisayar.com/arama/televizyon/lg/televizyon/?page=3,"LG 65BX6 65"" 165 CM 4K UHD OLED webOS SMART TV, DAHİLİ UYDU ALICI",18.999,https://cdn.vatanbilgisayar.com/Upload/PRODUCT/lg/thumb/115654_small.jpg,/lg-65bx6-65-165-cm-4k-uhd-oled-webos-smart-tv-dahili-uydu-alici.html
https://www.vatanbilgisayar.com/arama/televizyon/lg/televizyon/?page=2,"LG 75SM8610 75"" 190 CM NANOCELL 4K UHD webOS SMART TV,DAHİLİ UYDU ALICI",14.999,https://cdn.vatanbilgisayar.com/Upload/PRODUCT/lg/thumb/lg-75sm8610-gorseli-96264_small.jpg,/lg-75sm8610-75-190-cm-nanocell-4k-uhd-webos-smart-tv-dahili-uydu-alici.html
https://www.vatanbilgisayar.com/arama/televizyon/lg/televizyon/?page=4,"LG 75UM7600 75"" 190 CM 4K UHD webOS SMART TV,DAHİLİ UYDU ALICI",13.439,https://cdn.vatanbilgisayar.com/Upload/PRODUCT/lg/thumb/lg-75um7600-gorseli-96260_small.jpg,/lg-75um7600-75-190-cm-4k-uhd-webos-smart-tv-dahili-uydu-alici.html
https://www.vatanbilgisayar.com/arama/televizyon/lg/televizyon/?page=4,"LG 75UM7110 75"" 190 CM 4K UHD webOS SMART TV, DAHİLİ UYDU ALICI",9.999,https://cdn.vatanbilgisayar.com/Upload/PRODUCT/lg/thumb/lg-75um7110-gorseli-104084_small.jpg,/lg-75um7110-75-190-cm-4k-uhd-webos-smart-tv-dahili-uydu-alici.html
https://www.vatanbilgisayar.com/arama/televizyon/lg/televizyon/?page=4,"LG 70UN71006 70"" 177 CM 4K UHD webOS SMART TV,DAHİLİ UYDU ALICI",8.799,https://cdn.vatanbilgisayar.com/Upload/PRODUCT/lg/thumb/lg-70un71006-gorselli-107786_small.jpg,/lg-70un7100-70-177-cm-4k-uhd-webos-smart-tv-dahili-uydu-alici.html
https://www.vatanbilgisayar.com/arama/televizyon/lg/televizyon/?page=4,"LG 75UN71006 75"" 190 CM 4K UHD webOS SMART TV,DAHİLİ UYDU ALICI",12.199,https://cdn.vatanbilgisayar.com/Upload/PRODUCT/lg/thumb/lg-75un71006-gorseli-107789_small.jpg,/lg-75un71006-75-190-cm-4k-uhd-webos-smart-tv-dahili-uydu-alici.html
https://www.vatanbilgisayar.com/arama/televizyon/lg/televizyon/?page=4,"LG 86UN8500 86"" 218 CM 4K UHD webOS SMART TV,DAHİLİ UYDU ALICI",19.999,https://cdn.vatanbilgisayar.com/Upload/PRODUCT/lg/thumb/lg-86un8500-gorseli-107792_small.jpg,/lg-86un85006-86-218-cm-4k-uhd-webos-smart-tv-dahili-uydu-alici.html
https://www.vatanbilgisayar.com/arama/televizyon/lg/televizyon/?page=3,"LG 43UN74006 43"" 109 CM 4K UHD webOS SMART TV,DAHİLİ UYDU ALICI",4.599,https://cdn.vatanbilgisayar.com/Upload/PRODUCT/lg/thumb/lg-43un74006-gorseli-108429_small.jpg,/lg-43un7400-43-109-cm-4k-uhd-webos-smart-tv-dahili-uydu-alici.html
https://www.vatanbilgisayar.com/arama/televizyon/lg/televizyon/?page=3,"LG 55UN81006 55"" 139 CM 4K UHD webOS SMART TV,DAHİLİ UYDU ALICI",6.499,https://cdn.vatanbilgisayar.com/Upload/PRODUCT/lg/thumb/lg-55un81006-gorseli-108434_small.jpg,/lg-55un81006-55-139-cm-4k-uhd-webos-smart-tv-dahili-uydu-alici.html
https://www.vatanbilgisayar.com/arama/televizyon/lg/televizyon/?page=3,"LG 50UN81006 50"" 127 CM 4K UHD webOS SMART TV,DAHİLİ UYDU ALICI",5.699,https://cdn.vatanbilgisayar.com/Upload/PRODUCT/lg/thumb/lg-50un81006-gorseli-108739_small.jpg,/lg-50un81006-50-127-cm-4k-uhd-webos-smart-tv-dahili-uydu-alici.html
https://www.vatanbilgisayar.com/arama/televizyon/lg/televizyon/?page=1,"LG 43NANO796 43"" 109 CM NANOCELL 4K UHD webOS SMART TV,DAHİLİ UYDU ALICI",4.799,https://cdn.vatanbilgisayar.com/Upload/PRODUCT/lg/thumb/109895-anaaaa_small.jpg,/lg-43nano796-43-109-cm-nanocell-4k-uhd-webos-smart-tv-dahili-uydu-alici.html
https://www.vatanbilgisayar.com/arama/televizyon/lg/televizyon/?page=2,"LG 55SM8200 55"" 140 CM NANOCELL 4K UHD webOS SMART TV,DAHİLİ UYDU ALICI",6.399,https://cdn.vatanbilgisayar.com/Upload/PRODUCT/lg/thumb/lg-55sm8200-gorseli-96265_small.jpg,/lg-55sm8200-55-140-cm-nanocell-4k-uhd-webos-smart-tv-dahili-uydu-alici.html
https://www.vatanbilgisayar.com/arama/televizyon/lg/televizyon/?page=4,"LG 65UN81006 65"" 165 CM 4K UHD webOS SMART TV,DAHİLİ UYDU ALICI",8.699,https://cdn.vatanbilgisayar.com/Upload/PRODUCT/lg/thumb/lg-65un81006-gorseli-107925_small.jpg,/lg-65un8100-65-165-cm-4k-uhd-webos-smart-tv-dahili-uydu-alici.html
https://www.vatanbilgisayar.com/arama/televizyon/lg/televizyon/?page=4,"LG 43UN71006 43"" 109 CM 4K UHD webOS SMART TV,DAHİLİ UYDU ALICI",4.499,https://cdn.vatanbilgisayar.com/Upload/PRODUCT/lg/thumb/lg-43un71006-gorseli-108428_small.jpg,/lg-43un7100-43-109-cm-4k-uhd-webos-smart-tv-dahili-uydu-alici.html
https://www.vatanbilgisayar.com/arama/televizyon/lg/televizyon/?page=4,"LG 49UN71006 49"" 124 CM 4K UHD webOS SMART TV,DAHİLİ UYDU ALICI",5.299,https://cdn.vatanbilgisayar.com/Upload/PRODUCT/lg/thumb/lg-49un71006-gorseli-108430_small.jpg,/lg-49un7100-49-124-cm-4k-uhd-webos-smart-tv-dahili-uydu-alici.html
https://www.vatanbilgisayar.com/arama/televizyon/lg/televizyon/?page=4,"LG 55UN71006 55"" 139 CM 4K UHD webOS SMART TV,DAHİLİ UYDU ALICI",6.199,https://cdn.vatanbilgisayar.com/Upload/PRODUCT/lg/thumb/lg-55un71006-gorseli-108432_small.jpg,/lg-55un7100-55-139-cm-4k-uhd-webos-smart-tv-dahili-uydu-alici.html
https://www.vatanbilgisayar.com/arama/televizyon/lg/televizyon/?page=4,"LG 55UN74006 55"" 139 CM 4K UHD webOS SMART TV,DAHİLİ UYDU ALICI",6.499,https://cdn.vatanbilgisayar.com/Upload/PRODUCT/lg/thumb/lg-55un74006-gorseli-108433_small.jpg,/lg-55un7400-55-139-cm-4k-uhd-webos-smart-tv-dahili-uydu-alici.html
https://www.vatanbilgisayar.com/arama/televizyon/lg/televizyon/?page=3,"LG 49SK8100 49"" 125 CM 4K UHD webOS SMART TV,DAHİLİ UYDU ALICI",6.599,https://cdn.vatanbilgisayar.com/Upload/PRODUCT/lg/thumb/lg-49sk8100-gorseli-90967-1_small.jpg,/lg-49sk8100-49-125-cm-4k-uhd-webos-smart-tv-dahili-uydu-alici.html
https://www.vatanbilgisayar.com/arama/televizyon/lg/televizyon/?page=3,"LG 49UK7550 49"" 123 CM 4K UHD webOS SMART TV,DAHİLİ UYDU ALICI",5.899,https://cdn.vatanbilgisayar.com/Upload/PRODUCT/lg/thumb/lg-49uk7550-gorseli-90968_small.jpg,/lg-49uk7550-49-125-cm-4k-uhd-webos-smart-tv-dahili-uydu-alici.html
https://www.vatanbilgisayar.com/arama/televizyon/lg/televizyon/?page=1,"LG 55NANO816 55"" 139 CM NANOCELL 4K UHD webOS SMART TV,DAHİLİ UYDU ALICI",7.499,https://cdn.vatanbilgisayar.com/Upload/PRODUCT/lg/thumb/lg-55nano816-gorseli-107778_small.jpg,/lg-55nano816-55-139-cm-nanocell-4k-uhd-webos-smart-tv-dahili-uydu-alici.html
https://www.vatanbilgisayar.com/arama/televizyon/lg/televizyon/?page=1,"LG 55NANO796 55"" 139 CM NANOCELL 4K UHD webOS SMART TV,DAHİLİ UYDU ALICI",6.799,https://cdn.vatanbilgisayar.com/Upload/PRODUCT/lg/thumb/109897_small.jpg,/lg-55nano796-55-139-cm-nanocell-4k-uhd-webos-smart-tv-dahili-uydu-alici.html
https://www.vatanbilgisayar.com/arama/televizyon/lg/televizyon/?page=1,"LG 55NANO866 55"" 139 CM NANOCELL 4K UHD webOS SMART TV,DAHİLİ UYDU ALICI",8.499,https://cdn.vatanbilgisayar.com/Upload/PRODUCT/lg/thumb/lg-55nano866-gorseli-107779_small.jpg,/lg-55nano866-55-139-cm-nanocell-4k-uhd-webos-smart-tv-dahili-uydu-alici.html
https://www.vatanbilgisayar.com/arama/televizyon/lg/televizyon/?page=1,"LG 50NANO796 50"" 127 CM NANOCELL 4K UHD webOS SMART TV,DAHİLİ UYDU ALICI",5.799,https://cdn.vatanbilgisayar.com/Upload/PRODUCT/lg/thumb/109896_small.jpg,/lg-50nano796-50-127-cm-nanocell-4k-uhd-webos-smart-tv-dahili-uydu-alici.html
https://www.vatanbilgisayar.com/arama/televizyon/lg/televizyon/?page=1,"LG 49NANO816 49"" 124 CM NANOCELL 4K UHD webOS SMART TV,DAHİLİ UYDU ALICI",6.199,https://cdn.vatanbilgisayar.com/Upload/PRODUCT/lg/thumb/lg-49nano816-gorseli-107776-1_small.jpg,/lg-49nano816-49-124-cm-nanocell-4k-uhd-webos-smart-tv-dahili-uydu-alici.html
https://www.vatanbilgisayar.com/arama/televizyon/lg/televizyon/?page=1,"LG 65NANO866 65"" 165 CM NANOCELL 4K UHD webOS SMART TV,DAHİLİ UYDU ALICI",10.799,https://cdn.vatanbilgisayar.com/Upload/PRODUCT/lg/thumb/lg-65nano866-gorseli-107782_small.jpg,/lg-65nano866-65-165-cm-nanocell-4k-uhd-webos-smart-tv-dahili-uydu-alici.html
https://www.vatanbilgisayar.com/arama/televizyon/lg/televizyon/?page=2,"LG 65SM9010 65"" 165 CM NANOCELL 4K UHD webOS SMART TV,DAHİLİ UYDU ALICI",12.999,https://cdn.vatanbilgisayar.com/Upload/PRODUCT/lg/thumb/lg-65sm9010-gorseli-96268_small.jpg,/lg-65sm9010-65-165-cm-nanocell-4k-uhd-webos-smart-tv-dahili-uydu-alici.html
https://www.vatanbilgisayar.com/arama/televizyon/lg/televizyon/?page=4,"LG 65UN74006 65"" 165 CM 4K UHD webOS SMART TV,DAHİLİ UYDU ALICI",7.499,https://cdn.vatanbilgisayar.com/Upload/PRODUCT/lg/thumb/lg-65un74006-gorseli-108435_small.jpg,/lg-65un7400-65-165-cm-4k-uhd-webos-smart-tv-dahili-uydu-alici.html
https://www.vatanbilgisayar.com/arama/televizyon/lg/televizyon/?page=3,"LG 43UK6470 43"" 108 CM 4K UHD webOS SMART TV,DAHİLİ UYDU ALICI",3.599,https://cdn.vatanbilgisayar.com/Upload/PRODUCT/lg/thumb/lg-43uk6470-gorseli-90973_small.jpg,/lg-43uk6470-43-110-cm-4k-uhd-webos-smart-tv-dahili-uydu-alici.html
https://www.vatanbilgisayar.com/arama/televizyon/lg/televizyon/?page=3,"LG 43LM6300 43"" 110 CM FHD webOS SMART TV,DAHİLİ UYDU ALICI",3.499,https://cdn.vatanbilgisayar.com/Upload/PRODUCT/lg/thumb/lg-43lm6300-gorseli-96251_small.jpg,/lg-43lm6300-43-110-cm-fhd-webos-smart-tv-dahili-uydu-alici.html
https://www.vatanbilgisayar.com/arama/televizyon/lg/televizyon/?page=3,"LG 43UM7100 43"" 108 CM 4K UHD webOS SMART TV,DAHİLİ UYDU ALICI",3.699,https://cdn.vatanbilgisayar.com/Upload/PRODUCT/lg/thumb/lg-43um7100-gorseli-96253_small.jpg,/lg-43um7100-43-110-cm-4k-uhd-webos-smart-tv-dahili-uydu-alici.html
https://www.vatanbilgisayar.com/arama/televizyon/lg/televizyon/?page=1,"LG 65NANO796 65"" 165 CM NANOCELL 4K UHD webOS SMART TV,DAHİLİ UYDU ALICI",8.799,https://cdn.vatanbilgisayar.com/Upload/PRODUCT/lg/thumb/109898_small.jpg,/lg-65nano796-65-165-cm-nanocell-4k-uhd-webos-smart-tv-dahili-uydu-alici.html
https://www.vatanbilgisayar.com/arama/televizyon/lg/televizyon/?page=2,"LG 65SM8200 65"" 165 CM NANOCELL 4K UHD webOS SMART TV,DAHİLİ UYDU ALICI",8.599,https://cdn.vatanbilgisayar.com/Upload/PRODUCT/lg/thumb/lg-65sm8200-gorseli-96273_small.jpg,/lg-65sm8200-65-165-cm-nanocell-4k-uhd-webos-smart-tv-dahili-uydu-alici.html
https://www.vatanbilgisayar.com/arama/televizyon/lg/televizyon/?page=2,"LG 49SM8000 49"" 125 CM NANOCELL 4K UHD webOS SMART TV, DAHİLİ UYDU ALICI",4.999,https://cdn.vatanbilgisayar.com/Upload/PRODUCT/lg/thumb/lg-49sm8000-gorseli-104078_small.jpg,/lg-49sm8000-49-125-cm-nanocell-4k-uhd-webos-smart-tv-dahili-uydu-alici.html
https://www.vatanbilgisayar.com/arama/televizyon/lg/televizyon/?page=2,"LG 55SM8000 55"" 140 CM NANOCELL 4K UHD webOS SMART TV, DAHİLİ UYDU ALICI",6.199,https://cdn.vatanbilgisayar.com/Upload/PRODUCT/lg/thumb/lg-55sm8000-gorseli-104079_small.jpg,/lg-55sm8000-55-140-cm-nanocell-4k-uhd-webos-smart-tv-dahili-uydu-alici.html
https://www.vatanbilgisayar.com/arama/televizyon/lg/televizyon/?page=2,"LG 55B9 55"" 140 CM 4K UHD OLED webOS SMART TV, DAHİLİ UYDU ALICI",8.999,https://cdn.vatanbilgisayar.com/Upload/PRODUCT/lg/thumb/lg-55b9-gorseli-104080_small.jpg,/lg-55b9-55-140-cm-4k-uhd-oled-webos-smart-tv-dahili-uydu-alici.html
https://www.vatanbilgisayar.com/arama/televizyon/lg/televizyon/?page=2,"LG 65B9PLA 65"" 166 CM 4K UHD OLED webOS SMART TV,DAHİLİ UYDU ALICI",16.999,https://cdn.vatanbilgisayar.com/Upload/PRODUCT/lg/thumb/lg-65b9pla-gorseli-104498_small.jpg,/lg-65b9pla-65-166-cm-4k-uhd-oled-webos-smart-tv-dahili-uydu-alici.html
https://www.vatanbilgisayar.com/arama/televizyon/lg/televizyon/?page=3,"LG 43UM7450 43"" 108 CM 4K UHD webOS SMART TV,DAHİLİ UYDU ALICI",3.799,https://cdn.vatanbilgisayar.com/Upload/PRODUCT/lg/thumb/lg-43um7450-gorseli-96254_small.jpg,/lg-43um7450-43-110-cm-4k-uhd-webos-smart-tv-dahili-uydu-alici.html
https://www.vatanbilgisayar.com/arama/televizyon/lg/televizyon/?page=1,"LG 75NANO906 75"" 190 CM NANOCELL 4K UHD webOS SMART TV,DAHİLİ UYDU ALICI",17.999,https://cdn.vatanbilgisayar.com/Upload/PRODUCT/lg/thumb/lg-75nano906-gorseli-107787_small.jpg,/lg-75nano906-75-190-cm-nanocell-4k-uhd-webos-smart-tv-dahili-uydu-alici.html
https://www.vatanbilgisayar.com/arama/televizyon/lg/televizyon/?page=1,"LG 86NANO906 86"" 218 CM NANOCELL 4K UHD webOS SMART TV,DAHİLİ UYDU ALICI",25.999,https://cdn.vatanbilgisayar.com/Upload/PRODUCT/lg/thumb/lg-86nano906-gorseli-107791_small.jpg,/lg-86nano906-86-218-cm-nanocell-4k-uhd-webos-smart-tv-dahili-uydu-alici.html
https://www.vatanbilgisayar.com/arama/televizyon/lg/televizyon/?page=1,"LG 65GX 65"" 165 CM 4K UHD OLED webOS SMART TV,DAHİLİ UYDU ALICI",24.999,https://cdn.vatanbilgisayar.com/Upload/PRODUCT/lg/thumb/lg-65gx-gorseli-107796_small.jpg,/lg-65gx-65-165-cm-4k-uhd-oled-webos-smart-tv-dahili-uydu-alici.html
https://www.vatanbilgisayar.com/arama/televizyon/lg/televizyon/?page=2,"LG 49NANO866 49"" 124 CM NANOCELL 4K UHD webOS SMART TV,DAHİLİ UYDU ALICI",6.499,https://cdn.vatanbilgisayar.com/Upload/PRODUCT/lg/thumb/lg-49nano866-gorseli-107777_small.jpg,/lg-49nano866-49-124-cm-nanocell-4k-uhd-webos-smart-tv-dahili-uydu-alici.html
https://www.vatanbilgisayar.com/arama/televizyon/lg/televizyon/?page=2,"LG 55NANO916 55"" 139 CM NANOCELL 4K UHD webOS SMART TV,DAHİLİ UYDU ALICI",8.499,https://cdn.vatanbilgisayar.com/Upload/PRODUCT/lg/thumb/lg-55nano916-gorseli-107780_small.jpg,/lg-55nano916-55-139-cm-nanocell-4k-uhd-webos-smart-tv-dahili-uydu-alici.html
https://www.vatanbilgisayar.com/arama/televizyon/lg/televizyon/?page=2,"LG 65NANO816 65"" 165 CM NANOCELL 4K UHD webOS SMART TV,DAHİLİ UYDU ALICI",9.999,https://cdn.vatanbilgisayar.com/Upload/PRODUCT/lg/thumb/lg-65nano816-gorseli-107781_small.jpg,/lg-65nano816-65-165-cm-nanocell-4k-uhd-webos-smart-tv-dahili-uydu-alici.html
https://www.vatanbilgisayar.com/arama/televizyon/lg/televizyon/?page=2,"LG 65NANO916 65"" 165 CM NANOCELL 4K UHD webOS SMART TV,DAHİLİ UYDU ALICI",12.999,https://cdn.vatanbilgisayar.com/Upload/PRODUCT/lg/thumb/lg-65nano916-gorseli-107783_small.jpg,/lg-65nano916-65-165-cm-nanocell-4k-uhd-webos-smart-tv-dahili-uydu-alici.html
https://www.vatanbilgisayar.com/arama/televizyon/lg/televizyon/?page=2,"LG 65NANO956 65"" 165 CM NANOCELL 8K UHD webOS SMART TV,DAHİLİ UYDU ALICI",24.999,https://cdn.vatanbilgisayar.com/Upload/PRODUCT/lg/thumb/107784-anaaa-1_small.jpg,/lg-65nano956-65-165-cm-nanocell-8k-uhd-webos-smart-tv-dahili-uydu-alici.html
https://www.vatanbilgisayar.com/arama/televizyon/lg/televizyon/?page=1,"LG 55C8 55"" 140 CM 4K UHD OLED webOS SMART TV,DAHİLİ UYDU ALICI",15.999,https://cdn.vatanbilgisayar.com/Upload/PRODUCT/lg/thumb/lg-55c8-gorseli-90959_small.jpg,/lg-55c8-55-140-cm-4k-uhd-oled-webos-smart-tv-dahili-uydu-alici.html
https://www.vatanbilgisayar.com/arama/televizyon/lg/televizyon/?page=1,"LG 43LK5900 43"" 108 CM FHD webOS SMART TV,DAHİLİ UYDU ALICI",3.099,https://cdn.vatanbilgisayar.com/Upload/PRODUCT/lg/thumb/lg-43lk5900-gorseli-90974_small.jpg,/lg-43lk5900-43-110-cm-fhd-webos-smart-tv-dahili-uydu-alici.html
https://www.vatanbilgisayar.com/arama/televizyon/lg/televizyon/?page=1,"LG 32TL420U 32'' (81CM) HD IPS TV,DAHİLİ UYDU ALICILI",1.549,https://cdn.vatanbilgisayar.com/Upload/PRODUCT/lg/thumb/lg-32tl420u-gorseli-92574_small.jpg,/lg-32tl420u-32-81cm-ips-led-tv-dahili-uydu-alicili.html
https://www.vatanbilgisayar.com/arama/televizyon/lg/televizyon/?page=1,"LG 49SM8200 49"" 123 CM NANOCELL 4K UHD webOS SMART TV,DAHİLİ UYDU ALICI",5.199,https://cdn.vatanbilgisayar.com/Upload/PRODUCT/lg/thumb/lg-49sm8200-gorseli-96256_small.jpg,/lg-49sm8200-49-125-cm-nanocell-4k-uhd-webos-smart-tv-dahili-uydu-alici.html
https://www.vatanbilgisayar.com/arama/televizyon/lg/televizyon/?page=1,"LG 55C9 55"" 140 CM 4K UHD OLED webOS SMART TV,DAHİLİ UYDU ALICI",9.999,https://cdn.vatanbilgisayar.com/Upload/PRODUCT/lg/thumb/lg-55c9-gorseli-96262_small.jpg,/lg-55c9-55-140-cm-4k-uhd-oled-webos-smart-tv-dahili-uydu-alici.html
https://www.vatanbilgisayar.com/arama/televizyon/lg/televizyon/?page=2,"LG 75NANO996 75"" 190 CM NANOCELL 8K UHD webOS SMART TV,DAHİLİ UYDU ALICI",39.999,https://cdn.vatanbilgisayar.com/Upload/PRODUCT/lg/thumb/107788-lg-1_small.jpg,/lg-75nano996-75-190-cm-nanocell-8k-uhd-webos-smart-tv-dahili-uydu-alici.html
https://www.vatanbilgisayar.com/arama/televizyon/lg/televizyon/?page=2,"LG 55CX 55"" 139 CM 4K UHD OLED webOS SMART TV,DAHİLİ UYDU ALICI",12.499,https://cdn.vatanbilgisayar.com/Upload/PRODUCT/lg/thumb/lg-55cx-gorseli-107793_small.jpg,/lg-55cx6-55-139-cm-4k-uhd-oled-webos-smart-tv-dahili-uydu-alici.html
page,tv_Name,tv_Price,tv_img,nextPage
https://www.gittigidiyor.com/lg-televizyon?sf=4,LG 65SJ800V 65''(164 CM) 4K SuperUHD webOS 3.5 SMART TV,"7.837,50",https://mcdn01.gittigidiyor.net/53642/tn30/536420199_tn30_0.jpg?160993,/televizyon/lg-65sj800v_spp_16953?id=536420199
https://www.gittigidiyor.com/lg-televizyon?sf=4,"LG 55SM8600 55"" 139 Ekran Uydu Alıcılı 4K Ultra HD LED TV","8.600,00",https://mcdn01.gittigidiyor.net/64192/tn30/641925519_tn30_0.jpg?160993,/televizyon/lg-55sm8600pla_spp_730275?id=641925519
https://www.gittigidiyor.com/lg-televizyon?sf=3,LG 75UN71006LC Uydu Alıcılı 4K Ultra HD Smart LED TV,"11.579,00",https://mcdn01.gittigidiyor.net/62175/tn30/621751636_tn30_0.jpg?160993,/televizyon/lg-75un71006lc_spp_802677?id=621751636
https://www.gittigidiyor.com/lg-televizyon?sf=2,"LG 50UN81006 50"" 127 Ekran Uydu Alıcılı 4K Ultra HD Smart LED TV","5.799,00",https://mcdn01.gittigidiyor.net/64425/tn30/644254499_tn30_0.jpg?160993,/televizyon/lg-50un81006lb_spp_805210?id=644254499
https://www.gittigidiyor.com/lg-televizyon,"LG 55UN73003LB 55"" 139 Ekran Uydu Alıcılı 4K Ultra HD Smart LED TV","5.899,00",https://mcdn01.gittigidiyor.net/61809/tn30/618094726_tn30_0.jpg?160993,/tv-ses-goruntu/lg-55un73003lb-55-139-ekran-uydu-alicili-4k-ultra-hd-smart-led-tv_pdp_618094726
https://www.gittigidiyor.com/lg-televizyon?sf=4,LG 65SK7900 65'' 165 CM 4K SUHD webOS SMART TV,"7.837,50",https://mcdn01.gittigidiyor.net/61725/tn30/617250314_tn30_0.jpg?160993,/televizyon/lg-65sk7900pla_spp_45064?id=617250314
https://www.gittigidiyor.com/lg-televizyon?sf=4,"LG 65UN81006LB 65"" 165 Ekran Uydu Alıcılı 4K Ultra HD Smart LED","7.600,00",https://mcdn01.gittigidiyor.net/63657/tn30/636571196_tn30_0.jpg?160993,/televizyon/lg-65un81006lb_spp_805218?id=636571196
https://www.gittigidiyor.com/lg-televizyon?sf=4,"LG 43UK6470 43"" 109 Ekran Uydu Alıcılı 4K Ultra HD Smart LED TV","3.825,00",https://mcdn01.gittigidiyor.net/62638/tn30/626386641_tn30_0.jpg?160993,/televizyon/lg-43uk6470plc_spp_53118?id=626386641
https://www.gittigidiyor.com/lg-televizyon?sf=4,"LG 55SM9010 55"" 140 CM NANOCELL 4K UHD webOS SMART TV","8.999,00",https://mcdn01.gittigidiyor.net/62674/tn30/626743020_tn30_2.jpg?160993,/televizyon/lg-55sm9010pla_spp_558141?id=626743020
https://www.gittigidiyor.com/lg-televizyon?sf=4,LG 42LF650V SIFIR PANEL DEĞİŞMİŞ 1 YIL GARANTİLİ,"2.600,00",https://mcdn01.gittigidiyor.net/61698/tn30/616984693_tn30_1.jpg?160993,/televizyon/lg-42lf650v_spp_3702?id=616984693
https://www.gittigidiyor.com/lg-televizyon?sf=4,LG 49SM8200PLA 49'' 123 Ekran Uydu Alıcılı 4K Ultra HD Smart LED TV,"6.589,00",/fred/framework/assets/img/core/main/urun-resmi-var-240.jpg?160993,/televizyon/lg-49sm8200_spp_431769?id=639275581
https://www.gittigidiyor.com/lg-televizyon?sf=3,"LG 55SM8000PLA 55"" 140 Ekran Uydu Alıcılı 4K Ultra HD Smart LED TV","6.998,00",https://mcdn01.gittigidiyor.net/63959/tn30/639593521_tn30_0.jpg?160993,/televizyon/lg-55sm8000pla_spp_744480?id=639593521
https://www.gittigidiyor.com/lg-televizyon?sf=3,"LG 75Nano796 75"" 190 Ekran UHD Nanocell TV","12.999,00",https://mcdn01.gittigidiyor.net/64225/tn30/642253030_tn30_0.jpg?160993,/televizyon/lg-75nano796nf_spp_864215?id=642253030
https://www.gittigidiyor.com/lg-televizyon?sf=3,"LG 50Nano796 50"" 127 Ekran UHD Nanocell TV","5.799,00",https://mcdn01.gittigidiyor.net/64225/tn30/642253024_tn30_0.jpg?160993,/televizyon/lg-50nano796ne_spp_864212?id=642253024
https://www.gittigidiyor.com/lg-televizyon?sf=3,"LG 24Tl510S-Wz 24"" 61 Ekran Smart Led Monitor TV Beyaz","1.799,00",https://mcdn01.gittigidiyor.net/64225/tn30/642253019_tn30_0.jpg?160993,/televizyon/lg-24tl510s-wz_spp_864216?id=642253019
https://www.gittigidiyor.com/lg-televizyon?sf=3,"LG 24Tl510S-Pz 24"" 61 Ekran Smart Led Monitor TV Siyah","1.799,00",https://mcdn01.gittigidiyor.net/64225/tn30/642253009_tn30_0.jpg?160993,/televizyon/lg-24tl510s-pz_spp_787445?id=642253009
https://www.gittigidiyor.com/lg-televizyon?sf=3,"LG 50Un81006 50"" 127 Ekran 4K UHD Smart TV","5.699,00",https://mcdn01.gittigidiyor.net/64225/tn30/642252996_tn30_0.jpg?160993,/televizyon/lg-50un81006lb_spp_805210?id=642252996
https://www.gittigidiyor.com/lg-televizyon?sf=2,"LG 49UN71006 49"" 124 Ekran Uydu Alıcılı 4K Ultra HD Smart LED TV","5.299,00",https://mcdn01.gittigidiyor.net/64425/tn30/644253887_tn30_0.jpg?160993,/televizyon/lg-49un71006lb_spp_802680?id=644253887
https://www.gittigidiyor.com/lg-televizyon,LG 24TL510U-WZ 24'' HD LED Monitör TV,"1.385,00",https://mcdn01.gittigidiyor.net/64244/tn30/642443481_tn30_0.jpg?160993,/televizyon/lg-24tl510u-wz_spp_779682?id=642443481
https://www.gittigidiyor.com/lg-televizyon,LG 49UM7100PLB 49'' 123 Ekran Uydu Alıcılı 4K Ultra HD Smart LED TV (İthalatçı Garantili),"4.939,00",https://mcdn01.gittigidiyor.net/63363/tn30/633637813_tn30_0.jpg?160993,/televizyon/lg-49um7100plb_spp_551279?id=633637813
https://www.gittigidiyor.com/lg-televizyon,LG 65UM7100 65'' 165 Ekran Uydu Alıcılı Smart 4K Ultra HD LED TV (İthalatçı Garantili),"7.529,00",https://mcdn01.gittigidiyor.net/63989/tn30/639895050_tn30_0.jpg?160993,/televizyon/lg-65um7100pla_spp_803345?id=639895050
https://www.gittigidiyor.com/lg-televizyon,LG 24TL510S-PZ 24inch 60 Ekran Uydu Alıcılı Smart HD Monitör TV,"1.699,00",https://mcdn01.gittigidiyor.net/55019/tn30/550196028_tn30_0.jpg?160993,/televizyon/lg-24tl510s-pz_spp_787445?id=550196028
https://www.gittigidiyor.com/lg-televizyon,LG 43UN73903LE 43 inc 109 Ekran Uydu Alıcılı 4K Ultra HD Smart Beyaz LED TV,"4.249,00",https://mcdn01.gittigidiyor.net/61797/tn30/617976552_tn30_0.jpg?160993,/tv-ses-goruntu/lg-43un73903le-43-inc-109-ekran-uydu-alicili-4k-ultra-hd-smart-beyaz-led-tv_pdp_617976552
https://www.gittigidiyor.com/lg-televizyon,LG 28TL510S-PZ SMART UYDU ALICILI LED TV,"2.199,21",https://mcdn01.gittigidiyor.net/62615/tn30/626159562_tn30_0.jpg?160993,/televizyon/lg-28tl510s-pz_spp_770196?id=626159562
https://www.gittigidiyor.com/lg-televizyon?sf=3,"LG Oled55Gx6La 55"" 139 Ekran UHD Oled TV","14.999,00",https://mcdn01.gittigidiyor.net/64225/tn30/642252949_tn30_0.jpg?160993,/televizyon/lg-oled55gx6la_spp_803354?id=642252949
https://www.gittigidiyor.com/lg-televizyon?sf=2,"LG 49NANO816 49"" 124 Ekran Uydu Alıcılı 4K Ultra HD Smart NanoCell LED TV","6.749,00",https://mcdn01.gittigidiyor.net/64425/tn30/644252967_tn30_0.jpg?160993,/televizyon/lg-49nano816na_spp_803364?id=644252967
https://www.gittigidiyor.com/lg-televizyon?sf=2,"LG 65UN81006LB 4K Ultra HD 65"" 165 Ekran Uydu Alıcılı Smart LED Televizyon","9.649,00",https://mcdn01.gittigidiyor.net/63686/tn30/636869126_tn30_0.jpg?160993,/televizyon/lg-65un81006lb_spp_805218?id=636869126
https://www.gittigidiyor.com/lg-televizyon?sf=2,"LG 43UN74006 43"" 109 Ekran Uydu Alıcılı 4K Ultra HD Smart LED TV","7.399,00",https://mcdn01.gittigidiyor.net/63683/tn30/636831002_tn30_1.jpg?160993,/televizyon/lg-43un74006lb_spp_805217?id=636831002
https://www.gittigidiyor.com/lg-televizyon?sf=2,"LG OLED65B9SLA 65"" 165 Ekran 4K Ultra HD  Uydu Alıcılı Smart OLED Tv","18.699,00",https://mcdn01.gittigidiyor.net/63086/tn30/630864339_tn30_0.jpg?160993,/televizyon/lg-oled65b9sla_spp_803357?id=630864339
https://www.gittigidiyor.com/lg-televizyon?sf=2,LG 70UN70706 70? 178 Ekran Uydu Alıcılı 4K Ultra HD Smart LED TV,"9.299,00",https://mcdn01.gittigidiyor.net/63086/tn30/630860268_tn30_0.jpg?160993,/televizyon/lg-70un70706_spp_871589?id=630860268
https://www.gittigidiyor.com/lg-televizyon?sf=2,"LG 43UN71006LB 43"" 109 Ekran 4K Ultra HD Smart Led Tv","4.299,00",https://mcdn01.gittigidiyor.net/63084/tn30/630841786_tn30_0.jpg?160993,/televizyon/lg-43un71006lb_spp_802679?id=630841786
https://www.gittigidiyor.com/lg-televizyon?sf=2,"LG 24Tl510U-Wz 24"" 61 Ekran Uydu Alıcılı HD LED Monitör TV Beyaz","1.599,00",https://mcdn01.gittigidiyor.net/62691/tn30/626919063_tn30_0.jpg?160993,/televizyon/lg-24tl510u-wz_spp_779682?id=626919063
https://www.gittigidiyor.com/lg-televizyon,LG 24TL510S-WZ 24 inç 61 Ekran Smart Uydu Alıcılı LED TV Monitör,"1.729,00",https://mcdn01.gittigidiyor.net/62767/tn30/627675746_tn30_0.jpg?160993,/televizyon/lg-24tl510s-wz_spp_864216?id=627675746
https://www.gittigidiyor.com/lg-televizyon,"LG 50UM7450PLA 50"" 4K Ultra HD Smart LED TV (İthalatçı Garantili)","5.528,00",https://mcdn01.gittigidiyor.net/62582/tn30/625822859_tn30_0.jpg?160993,/televizyon/lg-50um7450pla_spp_551275?id=625822859
https://www.gittigidiyor.com/lg-televizyon?sf=3,"LG 65Un71006 65"" 165 Ekran UHD 4K TV","7.399,00",https://mcdn01.gittigidiyor.net/64086/tn30/640862359_tn30_0.jpg?160993,/televizyon/lg-65un71006lb_spp_802678?id=640862359
https://www.gittigidiyor.com/lg-televizyon?sf=2,"LG 24Tl510U-Pz 24"" 61 Ekran Uydu Alıcılı HD LED Monitör TV Siyah","1.599,00",https://mcdn01.gittigidiyor.net/62691/tn30/626919061_tn30_0.jpg?160993,/televizyon/lg-24tl510u-pz_spp_779681?id=626919061
https://www.gittigidiyor.com/lg-televizyon?sf=2,LG 32TL420U-PZ 32 inc 81 cm Uydu Alıcılı HD LED Monitör TV,"3.731,75",https://mcdn01.gittigidiyor.net/62436/tn30/624368955_tn30_0.jpg?160993,/televizyon/lg-32tl420u-pz_spp_72745?id=624368955
https://www.gittigidiyor.com/lg-televizyon?sf=2,"LG 86UN85006 86"" 218 Ekran Uydu Alıcılı 4K Ultra HD Smart LED TV","19.899,00",https://mcdn01.gittigidiyor.net/61184/tn30/611847875_tn30_0.jpg?160993,/televizyon/lg-86un85006la_spp_802692?id=611847875
https://www.gittigidiyor.com/lg-televizyon?sf=2,"LG OLED77CX6LA 77"" 195 Ekran 4K Ultra HD  Uydu Alıcılı Smart OLED Tv","34.999,00",https://mcdn01.gittigidiyor.net/61184/tn30/611841471_tn30_0.jpg?160993,/televizyon/lg-oled77cx6la_spp_805204?id=611841471
https://www.gittigidiyor.com/lg-televizyon?sf=2,"LG 75UN71006 75"" 190 Ekran Uydu Alıcılı 4K Ultra HD Smart LED TV","12.199,00",https://mcdn01.gittigidiyor.net/61177/tn30/611773814_tn30_0.jpg?160993,/televizyon/lg-75un71006lc_spp_802677?id=611773814
https://www.gittigidiyor.com/lg-televizyon?sf=2,"LG 86NANO906 86"" 218 Ekran Uydu Alıcılı 4K Ultra HD Smart LED TV","25.799,00",https://mcdn01.gittigidiyor.net/57529/tn30/575293597_tn30_0.jpg?160993,/televizyon/lg-86nano906na_spp_803363?id=575293597
https://www.gittigidiyor.com/lg-televizyon?sf=2,LG 50NANO796 50'' 127 Ekran Uydu Alıcılı NanoCell Smart 4K Ultra HD LED TV,"5.999,00",https://mcdn01.gittigidiyor.net/64425/tn30/644258595_tn30_0.jpg?160993,/televizyon/lg-50nano796ne_spp_864212?id=644258595
https://www.gittigidiyor.com/lg-televizyon,LG 55NANO796NA 55 inç 139 Ekran 4K Ultra HD Smart NanoCell LED TV,"6.645,00",https://mcdn01.gittigidiyor.net/62336/tn30/623369291_tn30_0.jpg?160993,/televizyon/lg-55nano796ne_spp_864213?id=623369291
https://www.gittigidiyor.com/lg-televizyon,LG 50NANO796NA 50 inç 126 Ekran 4K Ultra HD Smart NanoCell LED TV,"5.681,00",https://mcdn01.gittigidiyor.net/62336/tn30/623367347_tn30_0.jpg?160993,/televizyon/lg-50nano796ne_spp_864212?id=623367347
https://www.gittigidiyor.com/lg-televizyon?sf=3,"LG 65Nano796 65"" 165 Ekran UHD Nanocell TV","8.799,00",https://mcdn01.gittigidiyor.net/63788/tn30/637882565_tn30_0.jpg?160993,/televizyon/lg-65nano796ne_spp_864210?id=637882565
https://www.gittigidiyor.com/lg-televizyon?sf=3,"LG 43Un71006Lb 43"" 109 Ekran 4K UHD Smart TV","4.499,00",https://mcdn01.gittigidiyor.net/63788/tn30/637882531_tn30_0.jpg?160993,/televizyon/lg-43un71006lb_spp_802679?id=637882531
https://www.gittigidiyor.com/lg-televizyon?sf=3,"LG 55Nano916Na 55"" 139 Ekran UHD Nanocell TV","8.499,00",https://mcdn01.gittigidiyor.net/63788/tn30/637882496_tn30_0.jpg?160993,/televizyon/lg-55nano916na_spp_803360?id=637882496
https://www.gittigidiyor.com/lg-televizyon?sf=3,"LG 65Nano816Na 65"" 165 Ekran UHD Nanocell TV","9.999,00",https://mcdn01.gittigidiyor.net/63769/tn30/637697661_tn30_0.jpg?160993,/televizyon/lg-65nano816na_spp_803366?id=637697661
https://www.gittigidiyor.com/lg-televizyon?sf=3,"LG Oled77Cx6La.apd 77"" 195 Ekran UHD Oled TV","34.999,00",https://mcdn01.gittigidiyor.net/63687/tn30/636877615_tn30_0.jpg?160993,/televizyon/lg-oled77cx6la_spp_805204?id=636877615
https://www.gittigidiyor.com/lg-televizyon?sf=3,"LG 75Nano906Na 75"" 190 Ekran UHD Nanocell TV","17.999,00",https://mcdn01.gittigidiyor.net/63197/tn30/631971187_tn30_0.jpg?160993,/televizyon/lg-75nano906na_spp_803362?id=631971187
https://www.gittigidiyor.com/lg-televizyon?sf=3,"LG 86Un85006La 86"" 217 Ekran UHD TV","19.999,00",https://mcdn01.gittigidiyor.net/62335/tn30/623355124_tn30_0.jpg?160993,/televizyon/lg-86un85006la_spp_802692?id=623355124
https://www.gittigidiyor.com/lg-televizyon?sf=2,"LG 55SM8000PLA 55"" NanoCell 4K TV","7.299,00",https://mcdn01.gittigidiyor.net/63202/tn30/632026940_tn30_0.jpg?160993,/televizyon/lg-55sm8000pla_spp_744480?id=632026940
https://www.gittigidiyor.com/lg-televizyon?sf=2,LG 49SM8200PLA 49 inc 123 Ekran Uydu Alıcılı 4K Ultra HD Smart LED TV,"10.308,78",https://mcdn01.gittigidiyor.net/62855/tn30/628555268_tn30_0.jpg?160993,/televizyon/lg-49sm8200_spp_431769?id=628555268
https://www.gittigidiyor.com/lg-televizyon,LG 50NAN0796 NANOCELL 4K HDR SMART Wİ-Fİ UYDU ALICILI LED TV,"5.799,00",https://mcdn01.gittigidiyor.net/62876/tn30/628769023_tn30_0.jpg?160993,/televizyon/lg-50nano796ne_spp_864212?id=628769023
https://www.gittigidiyor.com/lg-televizyon?sf=3,"LG NanoCell 49NANO816NA 4K Ultra HD 49"" 124 Ekran Uydu Alıcılı Smart LED Televizyon","6.499,00",https://mcdn01.gittigidiyor.net/64010/tn30/640102494_tn30_0.jpg?160993,/televizyon/lg-49nano816na_spp_803364?id=640102494
https://www.gittigidiyor.com/lg-televizyon?sf=3,"49UN71006LB 49"" 124 Ekran Uydu Alıcılı 4K Ultra HD Smart LED TV","5.199,00",https://mcdn01.gittigidiyor.net/63864/tn30/638644801_tn30_0.jpg?160993,/televizyon/lg-49un71006lb_spp_802680?id=638644801
https://www.gittigidiyor.com/lg-televizyon?sf=3,43NANO796NE 108 Ekran 4K Ultra HD Smart NanoCell LED TV,"4.799,00",https://mcdn01.gittigidiyor.net/63864/tn30/638643770_tn30_0.jpg?160993,/televizyon/lg-43nano796ne_spp_864211?id=638643770
https://www.gittigidiyor.com/lg-televizyon?sf=3,LG 43LH590V Full HD (FHD) TV,"3.850,00",https://mcdn01.gittigidiyor.net/63948/tn30/639480636_tn30_0.jpg?160993,/televizyon/lg-43lh590v_spp_3710?id=639480636
https://www.gittigidiyor.com/lg-televizyon?sf=3,"LG 43UM7100PLB 4K Ultra HD 43"" 109 Ekran Uydu Alıcılı Smart LED Televizyon","4.320,00",https://mcdn01.gittigidiyor.net/63947/tn30/639479225_tn30_0.jpg?160993,/televizyon/lg-43um7100_spp_431759?id=639479225
https://www.gittigidiyor.com/lg-televizyon?sf=3,"LG 28TL510S-PZ 27.5"" 68 Ekran Uydu Alıcılı HD Smart LED TV","2.099,90",https://mcdn01.gittigidiyor.net/63761/tn30/637619677_tn30_0.jpg?160993,/televizyon/lg-28tl510s-pz_spp_770196?id=637619677
https://www.gittigidiyor.com/lg-televizyon?sf=2,LG 43NANO796NA 43 inç 108 Ekran 4K Ultra HD Smart NanoCell LED TV,"4.495,00",https://mcdn01.gittigidiyor.net/62336/tn30/623366508_tn30_0.jpg?160993,/televizyon/lg-43nano796ne_spp_864211?id=623366508
https://www.gittigidiyor.com/lg-televizyon,"LG 50UM7500PLA 4K Ultra HD 50"" 127 Ekran Uydu Alıcılı Smart LED TV(Akıllı Kumanda)","5.029,00",https://mcdn01.gittigidiyor.net/63685/tn30/636851633_tn30_0.jpg?160993,/televizyon/lg-50um7500pla_spp_864214?id=636851633
https://www.gittigidiyor.com/lg-televizyon,"LG 43UM7450 43"" 4K UHD Smart Uydu Alıcılı LED TV (İthalatçı Garantili)","4.399,00",https://mcdn01.gittigidiyor.net/64237/tn30/642375509_tn30_0.jpg?160993,/televizyon/lg-43um7450_spp_431760?id=642375509
https://www.gittigidiyor.com/lg-televizyon,"LG 50UM7600 50"" Uydu Alıcılı Smart 4K Ultra HD LED TV (İthalatçı Garantili)","5.699,00",https://mcdn01.gittigidiyor.net/63367/tn30/633670505_tn30_0.jpg?160993,/televizyon/lg-50um7600plb_spp_755856?id=633670505
https://www.gittigidiyor.com/lg-televizyon,LG 24MN49HM-PZ 24,"893,00",https://mcdn01.gittigidiyor.net/63027/tn30/630277301_tn30_0.jpg?160993,/televizyon/lg-24mn49hm_spp_17279?id=630277301
https://www.gittigidiyor.com/lg-televizyon,LG 43NANO796,"4.619,00",https://mcdn01.gittigidiyor.net/63924/tn30/639241405_tn30_0.jpg?160993,/televizyon/lg-43nano796ne_spp_864211?id=639241405
https://www.gittigidiyor.com/lg-televizyon,LG 32MN19HM-P.APD 32 İNÇ SİYAH LED EKRAN (TUNER YOK UYDU YOK ),"1.449,00",https://mcdn01.gittigidiyor.net/46508/tn30/465083643_tn30_0.jpg?160993,/televizyon/lg-32mn19hm_spp_26360?id=465083643
https://www.gittigidiyor.com/lg-televizyon?sf=3,LG 43NANO796 43'' 109 Ekran Uydu Alıcılı 4K Ultra HD NanoCell Smart TV,"6.789,00",https://mcdn01.gittigidiyor.net/63722/tn30/637224470_tn30_0.jpg?160993,/televizyon/lg-43nano796ne_spp_864211?id=637224470
https://www.gittigidiyor.com/lg-televizyon?sf=2,"LG 65UN7100 65"" 165 Ekran Uydu Alıcılı Smart 4K UHD LED TV Siyah","7.400,00",https://mcdn01.gittigidiyor.net/63772/tn30/637729534_tn30_0.jpg?160993,/televizyon/lg-65un71006lb_spp_802678?id=637729534
https://www.gittigidiyor.com/lg-televizyon?sf=2,"LG 65NANO956 65"" 165 Ekran Uydu Alıcılı Smart Nanocell 8K Ultra HD TV Metalik","25.000,00",https://mcdn01.gittigidiyor.net/63772/tn30/637729277_tn30_1.jpg?160993,/televizyon/lg-65nano956na_spp_805209?id=637729277
https://www.gittigidiyor.com/lg-televizyon,"Lg 50UN73006LA 50"" 126 Ekran Uydu Alıcılı 4K Smart LED Tv + Sihirli Uzaktan Kumanda","5.899,00",https://mcdn01.gittigidiyor.net/62055/tn30/620550449_tn30_0.jpg?160993,/televizyon/lg-50un73006la_spp_864362?id=620550449
https://www.gittigidiyor.com/lg-televizyon?sf=3,"LG 65Nano956Na.apd 65"" 165 Ekran 8K Nanocell TV","24.999,00",https://mcdn01.gittigidiyor.net/62875/tn30/628755991_tn30_0.jpg?160993,/televizyon/lg-65nano956na_spp_805209?id=628755991
https://www.gittigidiyor.com/lg-televizyon?sf=3,"LG 86Nano906Na 86"" 217 Ekran UHD Nanocell TV","25.999,00",https://mcdn01.gittigidiyor.net/62287/tn30/622872190_tn30_0.jpg?160993,/televizyon/lg-86nano906na_spp_803363?id=622872190
https://www.gittigidiyor.com/lg-televizyon?sf=3,LG 43UM7100PLB 43'' Uydu Alıcılı 4K Ultra HD Smart LED TV,"4.119,00",https://mcdn01.gittigidiyor.net/63787/tn30/637878079_tn30_0.jpg?160993,/televizyon/lg-43um7100_spp_431759?id=637878079
https://www.gittigidiyor.com/lg-televizyon?sf=3,"LG 32MN19HM 32"" 82 Ekran LED Monitör TV","2.099,00",https://mcdn01.gittigidiyor.net/63808/tn30/638085531_tn30_0.jpg?160993,/televizyon/lg-32mn19hm_spp_26360?id=638085531
https://www.gittigidiyor.com/lg-televizyon?sf=3,LG 24TK410U-PZ 24'' 60 cm Uydu Alıcılı HD Ready Monitör TV,"2.199,00",https://mcdn01.gittigidiyor.net/63806/tn30/638068486_tn30_0.jpg?160993,/televizyon/lg-24tk410u-pz_spp_49890?id=638068486
https://www.gittigidiyor.com/lg-televizyon?sf=2,"LG 75NANO906 75"" 190 Ekran Nano Cell Uydu Alıcılı Smart 4K Ultra HD LED TV","18.000,00",https://mcdn01.gittigidiyor.net/63772/tn30/637729276_tn30_1.jpg?160993,/televizyon/lg-75nano906na_spp_803362?id=637729276
https://www.gittigidiyor.com/lg-televizyon?sf=2,LG 24MN49HM-PZ 24 inc HD LED Monitör - Televizyon,"1.242,98",https://mcdn01.gittigidiyor.net/63743/tn30/637437978_tn30_0.jpg?160993,/televizyon/lg-24mn49hm_spp_17279?id=637437978
https://www.gittigidiyor.com/lg-televizyon,"LG 70UN70706LB 70"" 4K UHD SMART TV","9.639,90",https://mcdn01.gittigidiyor.net/64089/tn30/640891513_tn30_0.jpg?160993,/televizyon/lg-70un70706_spp_871589?id=640891513
https://www.gittigidiyor.com/lg-televizyon,"LG 50UN81006LB 50"" 4K Ultra HD Smart LED TV","5.949,90",https://mcdn01.gittigidiyor.net/64087/tn30/640872114_tn30_0.jpg?160993,/televizyon/lg-50un81006lb_spp_805210?id=640872114
https://www.gittigidiyor.com/lg-televizyon,LG 24TL510U-PZ 24'' HD LED Monitör TV,"1.318,00",https://mcdn01.gittigidiyor.net/64244/tn30/642442831_tn30_0.jpg?160993,/televizyon/lg-24tl510u-pz_spp_779681?id=642442831
https://www.gittigidiyor.com/lg-televizyon,LG 32MN19HM 32inch 82 Ekran HD IPS LED Monitör TV,"1.369,00",https://mcdn01.gittigidiyor.net/64240/tn30/642401944_tn30_0.jpg?160993,/televizyon/lg-32mn19hm_spp_26360?id=642401944
https://www.gittigidiyor.com/lg-televizyon,"LG 43NANO796NE.APDZ 43"" 4K Ultra HD Uydu Alıcılı Smart LED TV","4.979,90",https://mcdn01.gittigidiyor.net/64088/tn30/640885813_tn30_0.jpg?160993,/televizyon/lg-43nano796ne_spp_864211?id=640885813
https://www.gittigidiyor.com/lg-televizyon,LG 24TL510S-PZ 24'' Akıllı HD İçin Hazır LED Monitör TV,"1.755,00",https://mcdn01.gittigidiyor.net/63357/tn30/633571133_tn30_0.jpg?160993,/televizyon/lg-24tl510s-pz_spp_787445?id=633571133
https://www.gittigidiyor.com/lg-televizyon?sf=3,LG 70UM7100PLB 70'' 177 Ekran Uydu Alıcılı 4K Ultra HD Smart LED TV,"9.699,00",https://mcdn01.gittigidiyor.net/63760/tn30/637606835_tn30_0.jpg?160993,/televizyon/lg-70um7100_spp_746298?id=637606835
https://www.gittigidiyor.com/lg-televizyon?sf=3,"LG 50UN81006LB 50"" 127 Ekran Uydu Alıcılı 4K Ultra HD Smart LED TV","5.999,90",https://mcdn01.gittigidiyor.net/63957/tn30/639576233_tn30_0.jpg?160993,/televizyon/lg-55un81006lb_spp_805219?id=639576233
https://www.gittigidiyor.com/lg-televizyon?sf=3,LG 55UN7100 55,"5.699,00",https://mcdn01.gittigidiyor.net/63328/tn30/633288033_tn30_0.jpg?160993,/televizyon/lg-55un71006lb_spp_802682?id=633288033
https://www.gittigidiyor.com/lg-televizyon?sf=2,LG 65NANO796 65''165 Ekran Uydu Alıcılı NanoCell Smart 4K Ultra HD LED TV,"8.999,00",https://mcdn01.gittigidiyor.net/63084/tn30/630849041_tn30_0.jpg?160993,/televizyon/lg-65nano796ne_spp_864210?id=630849041
https://www.gittigidiyor.com/lg-televizyon,LG 49SM8000 49 İnç 124 Ekran Nanocell 4K UHD Smart Tv,"6.019,00",https://mcdn01.gittigidiyor.net/62618/tn30/626182003_tn30_0.jpg?160993,/televizyon/lg-49sm8000pla_spp_744481?id=626182003
https://www.gittigidiyor.com/lg-televizyon,"LG 50NANO796NE 50"" NANOCELL4K TV","5.979,90",https://mcdn01.gittigidiyor.net/64090/tn30/640907430_tn30_0.jpg?160993,/televizyon/lg-50nano796ne_spp_864212?id=640907430
https://www.gittigidiyor.com/lg-televizyon?sf=3,LG NanoCell 49SM8000PLA 4K Ultra HD Uydu Alıcılı(TEŞHİR ÜRÜN)AÇIKLAMALARI OKU(LG TÜRKİYEGARANTİLİ),"5.999,00",https://mcdn01.gittigidiyor.net/62344/tn30/623441845_tn30_0.jpg?160993,/televizyon/lg-49sm8000pla_spp_744481?id=623441845
https://www.gittigidiyor.com/lg-televizyon?sf=3,"LG 50UM7450 50"" 4K UHD Smart Uydu Alıcılı TV(TEŞHİR ÜRÜN) AÇIKLAMALARI OKUYUNUZ(LG TÜRKİYE GARANTİ)","5.500,00",https://mcdn01.gittigidiyor.net/62343/tn30/623437606_tn30_0.jpg?160993,/televizyon/lg-50um7450pla_spp_551275?id=623437606
https://www.gittigidiyor.com/lg-televizyon?sf=2,LG 24TK410U-WZ 24 inc HD Dahili Uydu Alıcı HDMI USB Beyaz LED Televizyon,"1.722,64",https://mcdn01.gittigidiyor.net/62881/tn30/628812204_tn30_0.jpg?160993,/televizyon/lg-24tk410u-wz_spp_49889?id=628812204
https://www.gittigidiyor.com/lg-televizyon,"LG 55NANO796NE 55"" NANOCELL4K TV","6.988,90",https://mcdn01.gittigidiyor.net/64090/tn30/640901565_tn30_0.jpg?160993,/televizyon/lg-55nano796ne_spp_864213?id=640901565
https://www.gittigidiyor.com/lg-televizyon,LG 65NANO796 NANOCELL (165 EKRAN) 4K HDR SMART Wİ-Fİ UYDU ALICILI LED TV,"8.409,00",https://mcdn01.gittigidiyor.net/62827/tn30/628274275_tn30_0.jpg?160993,/televizyon/lg-65nano796ne_spp_864210?id=628274275
https://www.gittigidiyor.com/lg-televizyon,"LG 32LM630BPLA 32"" HD Smart LED TV","2.699,00",https://mcdn01.gittigidiyor.net/63779/tn30/637795232_tn30_0.jpg?160993,/televizyon/lg-32lm630bpla_spp_803966?id=637795232
https://www.gittigidiyor.com/lg-televizyon,"LG 49UN71006LB 49"" 124 Ekran Uydu Alıcılı 4K Ultra HD Smart LED TV","5.497,28",https://mcdn01.gittigidiyor.net/63874/tn30/638741140_tn30_0.jpg?160993,/televizyon/lg-49un71006lb_spp_802680?id=638741140
https://www.gittigidiyor.com/lg-televizyon,"Lg 50UN73006LA 50"" 126 Ekran Uydu Alıcılı 4K Smart LED Tv + Sihirli Uzaktan Kumanda","5.709,00",https://mcdn01.gittigidiyor.net/63094/tn30/630941130_tn30_0.jpg?160993,/televizyon/lg-50un73006la_spp_864362?id=630941130
https://www.gittigidiyor.com/lg-televizyon,"LG 43UJ630V 43"" 108 Ekran Uydu Alıcılı 4K Ultra HD Smart LED TV","4.489,49",https://mcdn01.gittigidiyor.net/63985/tn30/639857122_tn30_0.jpg?160993,/televizyon/lg-43uj630v_spp_17138?id=639857122
https://www.gittigidiyor.com/lg-televizyon?sf=3,LG 28TL510S-PZ HD Smart LED TV(LG TÜRKİYE GARANTİLİ),"2.144,00",https://mcdn01.gittigidiyor.net/62373/tn30/623730820_tn30_0.jpg?160993,/televizyon/lg-28tl510s-pz_spp_770196?id=623730820
https://www.gittigidiyor.com/lg-televizyon?sf=3,OUTLET ÜRÜNDÜR- LG OLED55B7D 4K ULTRA HD 55 İNCH 140 EKRAN UYDU ALICILI SMART OLED TV,"11.700,00",https://mcdn01.gittigidiyor.net/55721/tn30/557218690_tn30_0.jpg?160993,/tv-ses-goruntu/outlet-urundur-lg-oled55b7d-4k-ultra-hd-55-inch-140-ekran-uydu-alicili-smart-oled-tv_pdp_557218690
https://www.gittigidiyor.com/lg-televizyon?sf=2,LG 43UN71006LB 43 inç 108 Ekran Uydu Alıcılı webOS Smart 4K Ultra HD LED TV,"4.112,00",https://mcdn01.gittigidiyor.net/60446/tn30/604463439_tn30_0.jpg?160993,/televizyon/lg-43un71006lb_spp_802679?id=604463439
https://www.gittigidiyor.com/lg-televizyon?sf=2,LG 55NANO796NA 55 inç 139 Ekran 4K Ultra HD Smart NanoCell LED TV,"6.989,00",https://mcdn01.gittigidiyor.net/63632/tn30/636329107_tn30_0.jpg?160993,/televizyon/lg-55nano796ne_spp_864213?id=636329107
https://www.gittigidiyor.com/lg-televizyon?sf=2,"LG OLED65GX6LA 65"" 165 Ekran Uydu Alıcılı 4K Ultra HD Smart OLED TV","24.999,00",https://mcdn01.gittigidiyor.net/57530/tn30/575307032_tn30_0.jpg?160993,/televizyon/lg-oled65gx6la_spp_803355?id=575307032
https://www.gittigidiyor.com/lg-televizyon?sf=2,"LG 24TL510S-WZ 23,6'' HD SMART TV,HDMI,USB,DAHİLİ UYDU ALICILI MONİTÖR TV","1.899,90",https://mcdn01.gittigidiyor.net/62393/tn30/623938448_tn30_0.jpg?160993,/televizyon/lg-24tl510s-wz_spp_864216?id=623938448
https://www.gittigidiyor.com/lg-televizyon?sf=2,"LG 50NANO796 50"" 127 Ekran Dahili Uydu Alıcılı Smart 4K UHD LED TV Siyah","5.800,00",https://mcdn01.gittigidiyor.net/64447/tn30/644475073_tn30_0.jpg?160993,/televizyon/lg-50nano796ne_spp_864212?id=644475073
https://www.gittigidiyor.com/lg-televizyon?sf=2,"LG 32LM6300PLA Full HD 32"" Uydu Alıcılı Smart LED","2.535,00",https://mcdn01.gittigidiyor.net/64435/tn30/644357172_tn30_0.jpg?160993,/televizyon/lg-32lm6300_spp_431770?id=644357172
https://www.gittigidiyor.com/lg-televizyon,"LG 43UN74003LB 4K Ultra HD 43"" 109 Ekran Uydu Alıcılı Smart LED Televizyon","4.159,00",https://mcdn01.gittigidiyor.net/63980/tn30/639806064_tn30_0.jpg?160993,/tv-ses-goruntu/lg-43un74003lb-4k-ultra-hd-43-109-ekran-uydu-alicili-smart-led-televizyon_pdp_639806064
https://www.gittigidiyor.com/lg-televizyon?sf=3,"OUTLET ÜRÜNDÜR - LG OLED55B6D 140 cm OLED TV (4K,UYDULU SMART)","9.300,00",https://mcdn01.gittigidiyor.net/55658/tn30/556588065_tn30_0.jpg?160993,/tv-ses-goruntu/outlet-urundur-lg-oled55b6d-140-cm-oled-tv-4k-uydulu-smart_pdp_556588065
https://www.gittigidiyor.com/lg-televizyon?sf=3,"LG 49SK8100PLA 49"" 124 Ekran 4K Ultra HD LED TV (Kutu Hasarlı)","4.999,00",https://mcdn01.gittigidiyor.net/62208/tn30/622087604_tn30_0.jpg?160993,/televizyon/lg-49sk8100_spp_38241?id=622087604
https://www.gittigidiyor.com/lg-televizyon?sf=3,"LG 75UM7600PLB 4K Ultra HD 75"" 190 Ekran Uydu Alıcılı Smart LED TV Outlet Ürün","11.099,00",https://mcdn01.gittigidiyor.net/59915/tn30/599153024_tn30_0.jpg?160993,/televizyon/lg-75um7600plb_spp_726888?id=599153024
https://www.gittigidiyor.com/lg-televizyon?sf=3,"LG 65UM7450 65"" (MAĞAZA TEŞHİR ÜRÜNÜDÜR)165 Ekran Uydu Alıcılı 4K Ultra HD Smart LED TV","8.249,00",https://mcdn01.gittigidiyor.net/64473/tn30/644735400_tn30_0.jpg?160993,/televizyon/lg-65um7450_spp_431762?id=644735400
https://www.gittigidiyor.com/lg-televizyon?sf=3,"LG OLED65C9PLA 65"" 164 Ekran Uydu Alıcılı 4K Ultra HD Smart OLED TV","16.999,00",https://mcdn01.gittigidiyor.net/63879/tn30/638796566_tn30_0.jpg?160993,/televizyon/lg-oled65c9pla_spp_746309?id=638796566
https://www.gittigidiyor.com/lg-televizyon?sf=3,"LG 55 UK6470PLC 4K (OUTLET URUN)Ultra HD 50"" 127 Ekran Uydu Alıcılı Smart LED Televizyon","5.349,99",https://mcdn01.gittigidiyor.net/64473/tn30/644737759_tn30_1.jpg?160993,/televizyon/lg-55uk6470plc_spp_53121?id=644737759
https://www.gittigidiyor.com/lg-televizyon?sf=2,"LG 65UN71006 65"" 4K Ultra HD Uydu Alıcılı Smart LED TV","7.399,00",https://mcdn01.gittigidiyor.net/64427/tn30/644273477_tn30_0.jpg?160993,/televizyon/lg-65un71006lb_spp_802678?id=644273477
https://www.gittigidiyor.com/lg-televizyon?sf=2,"LG 43NANO796 43"" 109 Ekran Uydu Alıcılı NanoCell Smart 4K Ultra HD LED TV","4.999,00",https://mcdn01.gittigidiyor.net/64425/tn30/644251998_tn30_0.jpg?160993,/televizyon/lg-43nano796ne_spp_864211?id=644251998
https://www.gittigidiyor.com/lg-televizyon?sf=2,LG 49NANO816NA Televizyon,"8.599,00",https://mcdn01.gittigidiyor.net/64421/tn30/644212105_tn30_0.jpg?160993,/televizyon/lg-49nano816na_spp_803364?id=644212105
https://www.gittigidiyor.com/lg-televizyon?sf=2,LG 55NANO796 55'' 139 Ekran Uydu Alıcılı Nano Cell Smart 4K Ultra HD LED TV Siyah,"6.800,00",https://mcdn01.gittigidiyor.net/64398/tn30/643983002_tn30_4.jpg?160993,/televizyon/lg-55nano796ne_spp_864213?id=643983002
https://www.gittigidiyor.com/lg-televizyon?sf=2,LG 65NANO796 65'' 165 Ekran Uydu Alıcılı Nano Cell Smart 4K Ultra HD LED TV Siyah,"8.800,00",https://mcdn01.gittigidiyor.net/64097/tn30/640972911_tn30_5.jpg?160993,/televizyon/lg-65nano796ne_spp_864210?id=640972911
https://www.gittigidiyor.com/lg-televizyon?sf=2,Lg 32MN19HM 32 inc 82 Ekran Led Tv,"1.932,26",https://mcdn01.gittigidiyor.net/63978/tn30/639783014_tn30_0.jpg?160993,/televizyon/lg-32mn19hm_spp_26360?id=639783014
https://www.gittigidiyor.com/lg-televizyon?sf=2,LG 70UM7100PLB 70'' 177 Ekran Uydu Alıcılı 4K Ultra HD Smart LED TV,"9.999,00",https://mcdn01.gittigidiyor.net/63776/tn30/637768977_tn30_0.jpg?160993,/televizyon/lg-70um7100pla_spp_746854?id=637768977
https://www.gittigidiyor.com/lg-televizyon,"LG 55NANO863NA (55NANO866) 55"" 139 Ekran Uydu Alıcılı 4K Ultra HD Smart Nanocell LED TV","8.099,00",https://mcdn01.gittigidiyor.net/62499/tn30/624998431_tn30_0.jpg?160993,/tv-ses-goruntu/lg-55nano863na-55nano866-55-139-ekran-uydu-alicili-4k-ultra-hd-smart-nanocell-led-tv_pdp_624998431
https://www.gittigidiyor.com/lg-televizyon?sf=3,"LG 55UM7100PLB 55"" 139 Ekran Uydu Alıcılı 4K Ultra HD Smart LED TV","4.999,00",https://mcdn01.gittigidiyor.net/64258/tn30/642588177_tn30_0.jpg?160993,/televizyon/lg-55um7100plb_spp_728436?id=642588177
https://www.gittigidiyor.com/lg-televizyon?sf=2,LG 75NANO796 75'' 190 Ekran Dahili Uydu Alıcılı UHD TV Siyah,"13.000,00",https://mcdn01.gittigidiyor.net/63772/tn30/637729544_tn30_0.jpg?160993,/televizyon/lg-75nano796nf_spp_864215?id=637729544
https://www.gittigidiyor.com/lg-televizyon?sf=2,"LG NanoCell 50NANO796 4K Ultra HD 50"" 127 Ekran Uydu Alıcılı Smart LED Televizyon","6.269,00",https://mcdn01.gittigidiyor.net/63633/tn30/636333234_tn30_0.jpg?160993,/televizyon/lg-50nano796ne_spp_864212?id=636333234
https://www.gittigidiyor.com/lg-televizyon?sf=2,"LG 55Un81006Lb 55"" 140 Ekran 4K UHD Smart TV","6.499,00",https://mcdn01.gittigidiyor.net/63788/tn30/637882535_tn30_0.jpg?160993,/televizyon/lg-55un81006lb_spp_805219?id=637882535
https://www.gittigidiyor.com/lg-televizyon?sf=2,"LG 55Nano816Na.apdz 55"" 139 Ekran UHD Nanocell TV","7.499,00",https://mcdn01.gittigidiyor.net/63591/tn30/635910085_tn30_0.jpg?160993,/televizyon/lg-55nano816na_spp_803365?id=635910085
https://www.gittigidiyor.com/lg-televizyon?sf=2,"LG 55Nano796 55"" 139 Ekran UHD Nanocell TV","6.799,00",https://mcdn01.gittigidiyor.net/63435/tn30/634357500_tn30_0.jpg?160993,/televizyon/lg-55nano796ne_spp_864213?id=634357500
https://www.gittigidiyor.com/lg-televizyon,LG 24TL510U-WZ BEYAZ HD UYDULU LED TV LG TÜRKİYE GARANTİLİ,"1.399,00",https://mcdn01.gittigidiyor.net/64436/tn30/644368736_tn30_0.jpg?160993,/televizyon/lg-24tl510u-wz_spp_779682?id=644368736
https://www.gittigidiyor.com/lg-televizyon?sf=3,"LG 50UK6470PLC 4K (OUTLET URUN)Ultra HD 50"" 127 Ekran Uydu Alıcılı Smart LED Televizyon","4.699,99",https://mcdn01.gittigidiyor.net/64082/tn30/640824485_tn30_0.jpg?160993,/televizyon/lg-50uk6470plc_spp_53123?id=640824485
https://www.gittigidiyor.com/lg-televizyon?sf=2,"49UN71006 49"" 124 Ekran Uydu Alıcılı 4K Ultra HD Smart LED TV","5.499,00",https://mcdn01.gittigidiyor.net/62832/tn30/628326360_tn30_0.jpg?160993,/televizyon/lg-49un71006lb_spp_802680?id=628326360
https://www.gittigidiyor.com/lg-televizyon,LG 24TL510U-PZ SİYAH UYDULU HD LED TV LG TÜRKİYE GARANTİLİ,"1.399,00",https://mcdn01.gittigidiyor.net/62481/tn30/624818355_tn30_0.jpg?160993,/televizyon/lg-24tl510u-pz_spp_779681?id=624818355
https://www.gittigidiyor.com/lg-televizyon?sf=3,"LG 49UK7550 49"" 123 CM ( OUTLET )4K UHD webOS SMART TV,DAHİLİ UYDU ALICI","5.799,99",https://mcdn01.gittigidiyor.net/63897/tn30/638970089_tn30_0.jpg?160993,/televizyon/lg-49uk7550pla_spp_53092?id=638970089
https://www.gittigidiyor.com/lg-televizyon?sf=3,"LG 65UJ750V 65"" (166 CM) 4K UHD webOS 3.5 SMART TV","6.531,25",https://mcdn01.gittigidiyor.net/58656/tn30/586564719_tn30_0.jpg?160993,/televizyon/lg-65uj750v_spp_17294?id=586564719
https://www.gittigidiyor.com/lg-televizyon?sf=3,"LG 43UM7450 43"" (MAĞAZA TEŞHİR ÜRÜNÜDÜR)108 CM 4K UHD webOS SMART TV,DAHİLİ UYDU ALICI","3.899,00",https://mcdn01.gittigidiyor.net/64048/tn30/640480123_tn30_0.jpg?160993,/televizyon/lg-43um7450_spp_431760?id=640480123
https://www.gittigidiyor.com/lg-televizyon?sf=2,LG 65UN73006LA 65inch 165 Ekran Uydu Alıcılı 4K Ultra HD Smart LED TV,"7.880,00",https://mcdn01.gittigidiyor.net/62302/tn30/623021340_tn30_0.jpg?160993,/televizyon/lg-65un73006la_spp_864361?id=623021340
https://www.gittigidiyor.com/lg-televizyon,"LG 65UN711C0ZB 65"" 165 Ekran Uydu 4K Ultra HD Smart LED TV (2 YIL İTHALATÇI GAR.SADECE İSTANBUL)","7.749,00",https://mcdn01.gittigidiyor.net/64226/tn30/642262341_tn30_0.jpg?160993,/tv-ses-goruntu/lg-65un711c0zb-65-165-ekran-uydu-4k-ultra-hd-smart-led-tv-2-yil-ithalatci-gar-sadece-istanbul_pdp_642262341
https://www.gittigidiyor.com/lg-televizyon?sf=3,"LG 32LM6300PLA Full HD 32"" Uydu Alıcılı Smart LED Televizyon outlet ürün adınıza faturalı 1 yıl gara","2.599,00",https://mcdn01.gittigidiyor.net/63809/tn30/638094140_tn30_0.jpg?160993,/televizyon/lg-32lm6300_spp_431770?id=638094140
https://www.gittigidiyor.com/lg-televizyon?sf=3,"LG 65SK8500 65"" 166 CM 4K UHD webOS SMART TV","8.934,75",https://mcdn01.gittigidiyor.net/55509/tn30/555093002_tn30_0.jpg?160993,/televizyon/lg-65sk8500_spp_38225?id=555093002
https://www.gittigidiyor.com/lg-televizyon?sf=2,"LG Nano79 NanoCell 50NANO796 4K Ultra HD 50"" 127 Ekran Uydu Alıcılı Smart LED Televizyon","5.659,00",https://mcdn01.gittigidiyor.net/63428/tn30/634280924_tn30_0.jpg?160993,/televizyon/lg-50nano796ne_spp_864212?id=634280924
https://www.gittigidiyor.com/lg-televizyon?sf=2,"LG 28TL510S-PZ 27.5"" 68 Ekran Uydu Alıcılı HD Smart LED TV","2.098,00",https://mcdn01.gittigidiyor.net/63807/tn30/638078036_tn30_0.jpg?160993,/televizyon/lg-28tl510s_spp_758516?id=638078036
https://www.gittigidiyor.com/lg-televizyon,"LG 70UN70706 70"" 178 Ekran Uydu Alıcılı 4K Ultra HD Smart LED TV","9.439,00",https://mcdn01.gittigidiyor.net/63925/tn30/639254201_tn30_0.jpg?160993,/televizyon/lg-70un70706_spp_871589?id=639254201
https://www.gittigidiyor.com/lg-televizyon?sf=2,"LG 50UN81006LB 50"" 127 Ekran Uydu Alıcılı 4K Ultra HD Smart LED TV","6.089,90",https://mcdn01.gittigidiyor.net/63957/tn30/639576237_tn30_0.jpg?160993,/televizyon/lg-55un81006lb_spp_805219?id=639576237
https://www.gittigidiyor.com/lg-televizyon,"LG 31.5"" 32MN19HM HD, HDMI, USB, IPS LED Monitör TV","1.667,38",https://mcdn01.gittigidiyor.net/63989/tn30/639893400_tn30_0.jpg?160993,/televizyon/lg-32mn19hm_spp_26360?id=639893400
https://www.gittigidiyor.com/lg-televizyon,"LG  24 24TL510U-PZ  HD,HDMI,USB LED Mon TV","1.782,90",https://mcdn01.gittigidiyor.net/63089/tn30/630899352_tn30_0.jpg?160993,/televizyon/lg-24tl510u-pz_spp_779681?id=630899352
https://www.gittigidiyor.com/lg-televizyon,"LG 24 24TL510S-PZ  HD,HDMI,USB IPS Mon TV","2.140,00",https://mcdn01.gittigidiyor.net/63053/tn30/630533836_tn30_0.jpg?160993,/televizyon/lg-24tl510s-pz_spp_787445?id=630533836
https://www.gittigidiyor.com/lg-televizyon,"LG 24"" 24TK410U-WZ HD, Dahili Uydu Alıcı, HDMI, USB Beyaz LED Monitör TV","1.734,88",https://mcdn01.gittigidiyor.net/62875/tn30/628756484_tn30_0.jpg?160993,/televizyon/lg-24tk410u-wz_spp_49889?id=628756484
https://www.gittigidiyor.com/lg-televizyon,"LG 31.5"" 32TL420U HD, Dahili Uydu Alıcı, HDMI, USB, IPS LED Monitör TV","2.742,95",https://mcdn01.gittigidiyor.net/62141/tn30/621416458_tn30_0.jpg?160993,/televizyon/lg-32tl420u-pz_spp_72745?id=621416458
https://www.gittigidiyor.com/lg-televizyon,"LG OLED55GX6LA 55"" 4K Ultra HD Smart OLED TV","14.499,00",https://mcdn01.gittigidiyor.net/64468/tn30/644683918_tn30_0.jpg?160993,/televizyon/lg-oled55gx6la_spp_803354?id=644683918
https://www.gittigidiyor.com/lg-televizyon,"LG 70UN71006 70"" 177 Ekran Uydu Alıcılı 4K Ultra HD Smart LED TV","8.999,00",https://mcdn01.gittigidiyor.net/64427/tn30/644275096_tn30_0.jpg?160993,/televizyon/lg-70un71006la_spp_802683?id=644275096
https://www.gittigidiyor.com/lg-televizyon,"LG 55NANO816 55"" 139 Ekran Uydu Alıcılı 4K Ultra HD Smart LED TV","7.199,00",https://mcdn01.gittigidiyor.net/64425/tn30/644259844_tn30_0.jpg?160993,/televizyon/lg-55nano816na_spp_803365?id=644259844
https://www.gittigidiyor.com/lg-televizyon,"LG 55UN71006 55"" 139 Ekran Uydu Alıcılı 4K Ultra HD Smart LED TV","5.799,00",https://mcdn01.gittigidiyor.net/64425/tn30/644256551_tn30_0.jpg?160993,/televizyon/lg-55un71006lb_spp_802682?id=644256551
